{
  "accuracy":0.8471153421,
  "top5_accuracy":0.9451913309,
  "n_samples":294333.0
}